label,text
address,"3277 Hilltop Lane, Tokyo, USA"
phone,(522)-368-3077
phone,(197)-699-2525
phone,(757)-362-9016
phone,(782)-873-9377
phone,2773033206
email,sales3701@info.co
url,https://www.service362.in
phone,+91-98310-60059
url,http://www.blog679.net
address,"2400 Hilltop Lane, Paris, Germany"
address,"5202 King Road, Berlin, France"
email,user248@company.io
address,"4093 Park Ave, Toronto, Germany"
email,info3526@office.biz
url,http://www.service263.org
email,info1118@example.com
address,"5889 Main Street, Toronto, UK"
email,sales9735@example.com
address,"2048 Oak Crescent, Bangalore, Canada"
email,user6629@mail.net
address,"763 Sunset Blvd, Paris, India"
phone,+29 558 4802766
url,http://www.shop69.co
email,team7141@company.io
url,http://www.data760.org
url,https://www.blog472.io
address,"2162 Hilltop Lane, Paris, Germany"
address,"7986 Maple St, Delhi, UK"
phone,4603260174
address,"7697 Main Street, New York, India"
address,"2487 Hilltop Lane, Delhi, Germany"
address,"6643 King Road, Bangalore, France"
url,http://www.portal176.co
address,"2642 Oak Crescent, Bangalore, Japan"
email,team708@company.io
phone,+91-86225-79899
email,info9754@office.biz
email,info705@example.com
email,user5543@mail.net
address,"7081 Main Street, Delhi, USA"
url,http://www.api647.in
url,https://www.shop306.in
phone,+70 705 3853527
address,"7723 Main Street, Berlin, UK"
address,"5490 Maple St, Tokyo, Germany"
url,https://www.api273.com
phone,(967)-430-2924
email,support1630@company.io
address,"9169 Sunset Blvd, Tokyo, France"
address,"1826 Main Street, Tokyo, USA"
url,https://www.service838.io
email,info8733@info.co
address,"6248 Park Ave, Bangalore, Japan"
phone,2851508136
phone,3840329532
address,"1282 Oak Crescent, Tokyo, France"
address,"135 Maple St, Berlin, France"
email,info3985@company.io
phone,+31 200 6720749
phone,+91-77339-40628
email,sales6170@example.com
phone,+21 190 3230224
phone,(499)-263-8724
url,http://www.service325.io
url,http://www.data31.io
url,http://www.service124.com
address,"2998 King Road, Toronto, France"
url,https://www.blog913.net
url,https://www.shop375.io
phone,+91-75396-49668
url,https://www.shop226.co
url,http://www.blog97.io
email,contact9587@office.biz
url,http://www.shop504.in
address,"3719 Park Ave, Toronto, India"
url,https://www.api800.io
url,https://www.blog233.org
address,"9723 Park Ave, Tokyo, Germany"
url,http://www.blog436.com
phone,(185)-337-9604
phone,+91-82184-49744
url,https://www.service693.co
url,https://www.data457.io
url,http://www.service221.co
email,sales5795@office.biz
email,info7188@info.co
email,user8451@office.biz
phone,+55 578 5865364
url,https://www.api698.net
address,"5302 Hilltop Lane, Tokyo, Germany"
phone,3652108838
email,contact19@info.co
phone,+91-86025-61570
address,"9369 Sunset Blvd, Berlin, Germany"
phone,+21 156 2080646
url,http://www.portal499.net
phone,(927)-544-5669
email,support9219@service.org
url,http://www.blog930.com
address,"2707 King Road, Berlin, India"
phone,(648)-413-7717
phone,(984)-804-8468
email,support3096@service.org
url,https://www.api541.io
url,http://www.data790.net
address,"7418 Oak Crescent, New York, USA"
address,"2164 King Road, Bangalore, India"
url,http://www.shop629.io
address,"536 Main Street, Tokyo, France"
url,http://www.service326.in
url,https://www.portal938.co
phone,(396)-498-5168
phone,+35 562 5226900
url,https://www.portal991.in
email,contact1697@mail.net
url,http://www.portal462.com
phone,9160879734
address,"8189 Hilltop Lane, Toronto, UK"
phone,(892)-431-1505
phone,9844823395
address,"2632 Hilltop Lane, Toronto, Germany"
url,https://www.api738.net
email,info3101@mail.net
phone,+91-94042-49776
email,contact2923@service.org
address,"9885 Hilltop Lane, Delhi, Germany"
email,user3725@mail.net
phone,+91-87021-58205
email,info8348@company.io
phone,+91-91217-95765
phone,9603608748
address,"3765 Sunset Blvd, Paris, India"
phone,2327477197
email,contact8479@mail.net
url,https://www.data624.co
email,support4528@example.com
phone,+96 680 6362209
url,https://www.data255.co
address,"3047 Maple St, Bangalore, Canada"
phone,+75 917 6692037
email,contact6006@office.biz
email,contact5191@info.co
email,info6478@service.org
email,contact8464@service.org
email,sales5093@service.org
email,contact1097@office.biz
url,http://www.api358.co
phone,(302)-383-7986
address,"9129 Main Street, Berlin, Japan"
phone,+91-76969-59331
phone,(345)-463-5379
phone,7070824545
email,contact3257@mail.net
url,https://www.service142.in
url,http://www.service694.net
email,user2769@company.io
phone,8814852039
url,https://www.service306.com
address,"8183 Sunset Blvd, Toronto, France"
email,user907@example.com
email,support8843@info.co
phone,4064219367
address,"6504 Oak Crescent, Toronto, Canada"
url,http://www.shop466.net
address,"2514 Park Ave, Berlin, Japan"
address,"3975 Hilltop Lane, New York, India"
email,support9361@company.io
url,http://www.shop407.net
url,http://www.portal205.org
address,"5898 Maple St, New York, France"
url,http://www.shop718.com
email,sales1735@office.biz
email,contact472@info.co
url,https://www.portal1.co
address,"6597 Park Ave, Paris, UK"
email,contact9376@mail.net
phone,+36 938 7630802
email,support1773@service.org
address,"4888 Sunset Blvd, Tokyo, USA"
email,sales8592@service.org
phone,(472)-178-8741
email,sales5598@office.biz
email,support9000@office.biz
url,https://www.shop964.io
address,"5224 Hilltop Lane, New York, Canada"
email,info198@info.co
url,http://www.shop125.net
email,sales139@office.biz
phone,+52 442 9418983
email,sales8011@example.com
email,info9536@service.org
address,"4151 Park Ave, Tokyo, Japan"
url,https://www.shop45.com
phone,7427206786
email,info7187@example.com
phone,+91-85706-63328
url,https://www.blog862.io
phone,+5 921 6360620
url,https://www.service771.co
address,"1057 Park Ave, Delhi, Japan"
email,contact5210@service.org
phone,+4 852 1511963
address,"961 Sunset Blvd, Bangalore, India"
email,info8709@office.biz
phone,+28 588 4462167
address,"4822 King Road, New York, Canada"
url,http://www.portal117.com
url,http://www.blog303.io
url,http://www.shop907.in
email,team7037@office.biz
url,https://www.shop911.org
phone,+91-73066-53289
address,"5173 Hilltop Lane, Paris, Canada"
phone,+18 796 7193095
email,user1003@mail.net
phone,1430752676
email,contact9276@example.com
address,"5335 Maple St, Bangalore, Germany"
phone,(621)-713-2753
email,info2279@office.biz
address,"4764 Main Street, Toronto, France"
url,https://www.api791.in
email,sales6444@mail.net
phone,(538)-579-6082
email,user7327@example.com
phone,5540585737
address,"4539 Main Street, Berlin, France"
email,team8940@company.io
email,sales2749@info.co
email,contact2014@example.com
address,"5136 Main Street, Paris, Japan"
url,https://www.service672.net
phone,(105)-727-1263
address,"3402 Main Street, Paris, UK"
address,"1150 Park Ave, Delhi, Canada"
url,https://www.data561.org
address,"1469 Park Ave, Delhi, India"
email,sales4650@example.com
address,"7325 Sunset Blvd, Delhi, India"
url,https://www.api840.in
phone,5685957579
email,team9748@info.co
email,team1199@info.co
email,contact9656@company.io
url,https://www.data58.com
phone,1365578393
phone,3860874301
address,"7994 Oak Crescent, New York, Canada"
email,user9624@info.co
address,"6110 Sunset Blvd, Toronto, Canada"
phone,+91-97721-42928
address,"7646 King Road, Bangalore, Germany"
url,http://www.shop559.in
url,http://www.shop725.net
url,http://www.portal411.io
email,contact4425@mail.net
email,team436@mail.net
phone,+28 612 1376308
phone,8692204453
email,user2017@service.org
url,http://www.portal489.org
address,"9239 Park Ave, Bangalore, France"
phone,+91-71451-82636
phone,9613760497
email,sales8257@service.org
url,http://www.service685.org
url,https://www.api77.com
url,https://www.blog755.org
phone,+91-95913-45038
address,"7410 Park Ave, Paris, Japan"
email,team9112@example.com
url,https://www.data930.org
address,"8905 Park Ave, Paris, Japan"
phone,+61 827 7818615
email,sales6885@mail.net
email,contact3152@example.com
address,"4062 Sunset Blvd, Tokyo, France"
url,http://www.portal138.io
email,team6846@example.com
email,info1917@company.io
phone,+91-85590-58866
email,user6968@office.biz
phone,+71 284 3622262
phone,+91-90533-16130
url,https://www.api384.net
email,user9065@office.biz
email,user4665@example.com
phone,+77 678 1359418
email,user2234@service.org
email,support9559@mail.net
phone,(913)-696-5769
phone,(407)-409-1252
address,"1850 Maple St, Delhi, France"
url,http://www.shop890.io
address,"4611 Oak Crescent, Delhi, Canada"
phone,+91-73866-95527
url,http://www.blog859.com
url,https://www.service904.com
url,https://www.blog635.co
phone,+91-88163-72723
address,"8432 Oak Crescent, Toronto, Germany"
address,"4927 Oak Crescent, Toronto, Germany"
email,sales1356@mail.net
address,"5609 Main Street, Berlin, USA"
url,https://www.portal204.in
phone,8038131266
url,https://www.data80.io
phone,+91-81699-24306
email,team9334@office.biz
url,https://www.blog198.co
url,http://www.portal292.in
phone,+91-92899-11677
email,team8776@service.org
address,"4753 Sunset Blvd, Toronto, India"
email,sales5788@office.biz
email,contact9885@info.co
url,https://www.portal590.net
email,contact7114@info.co
phone,8101854690
address,"5977 Main Street, Paris, Germany"
email,user6819@office.biz
address,"5593 Sunset Blvd, Bangalore, Japan"
url,http://www.service366.co
email,contact966@mail.net
url,http://www.blog223.io
address,"7029 Sunset Blvd, New York, India"
url,http://www.api359.net
email,sales5947@example.com
phone,+9 830 7177092
email,team2681@info.co
email,contact9030@company.io
email,info4480@service.org
url,http://www.api142.org
email,team9063@office.biz
address,"5551 Hilltop Lane, Berlin, Germany"
url,https://www.blog723.com
phone,5522956209
address,"4412 Main Street, Delhi, Japan"
email,contact3401@service.org
phone,3010687923
address,"2980 Maple St, Tokyo, UK"
url,https://www.shop61.co
address,"4403 Hilltop Lane, Delhi, UK"
url,https://www.portal450.org
address,"3337 Hilltop Lane, Berlin, Japan"
email,user1215@example.com
address,"6878 Sunset Blvd, Toronto, UK"
email,user3648@example.com
email,contact4077@example.com
url,http://www.shop63.io
email,support4490@mail.net
address,"3737 Maple St, Toronto, UK"
email,contact8559@office.biz
url,http://www.service101.co
url,http://www.blog107.net
email,sales3815@info.co
phone,+49 252 3427728
email,info9712@example.com
phone,+89 798 1872198
phone,+15 282 1948681
url,http://www.blog964.com
address,"1715 Sunset Blvd, Bangalore, UK"
email,sales8620@mail.net
phone,(952)-342-2237
url,http://www.shop490.com
phone,1463246754
email,user3511@office.biz
address,"6044 Park Ave, New York, Germany"
email,user7431@mail.net
url,http://www.blog329.in
url,http://www.service903.com
url,http://www.api174.net
phone,(625)-644-1115
address,"1437 Oak Crescent, Toronto, Germany"
url,http://www.data891.net
address,"6492 King Road, Bangalore, Canada"
address,"2366 King Road, New York, USA"
address,"1019 Park Ave, Tokyo, Germany"
address,"722 Maple St, Berlin, UK"
address,"7061 Oak Crescent, Bangalore, UK"
url,https://www.service896.co
email,team1784@mail.net
email,user5839@company.io
phone,+91 695 8931173
address,"4031 Park Ave, Tokyo, France"
url,https://www.data440.com
url,http://www.portal29.com
phone,(967)-149-9694
email,info1729@example.com
email,user9131@company.io
email,support1140@info.co
phone,+91-95532-32108
email,team9018@info.co
email,user1425@office.biz
phone,+91-75187-24901
address,"9581 Hilltop Lane, New York, Japan"
url,https://www.api20.com
phone,+15 637 5815951
url,https://www.service804.org
address,"8996 Main Street, Tokyo, UK"
address,"7889 Park Ave, Toronto, UK"
url,https://www.api624.io
address,"3199 Maple St, Bangalore, India"
address,"4355 Hilltop Lane, Berlin, France"
phone,+53 827 7244991
email,contact6995@service.org
phone,(479)-924-9071
email,contact9399@info.co
address,"2356 Maple St, Bangalore, USA"
address,"3498 Main Street, Berlin, India"
address,"5965 Oak Crescent, Toronto, USA"
phone,9988518955
phone,1998116307
url,https://www.blog169.io
url,http://www.shop95.com
url,https://www.service32.net
url,https://www.blog947.org
email,team150@example.com
address,"1106 Oak Crescent, Toronto, India"
email,sales2853@company.io
address,"9086 Maple St, Berlin, Canada"
url,https://www.blog843.co
phone,7489692673
url,http://www.portal937.org
address,"3496 Maple St, Delhi, France"
email,user6450@company.io
url,https://www.api998.org
email,contact1978@info.co
email,team8659@company.io
email,info507@mail.net
email,team1860@service.org
phone,+91-90577-67521
email,sales5944@info.co
phone,(722)-660-5312
address,"3819 Park Ave, New York, Canada"
address,"3465 Maple St, New York, Canada"
phone,+91-87938-76593
email,contact2632@company.io
url,https://www.service815.net
address,"9338 Maple St, Tokyo, France"
address,"8199 Hilltop Lane, Bangalore, UK"
url,https://www.shop135.net
email,team2483@office.biz
phone,2563828243
address,"6716 Oak Crescent, Delhi, USA"
email,team8951@info.co
address,"9977 Maple St, Tokyo, Canada"
email,contact5408@office.biz
email,sales5096@example.com
phone,+91-71567-18014
phone,+91-72429-18077
email,info286@example.com
phone,(897)-203-3466
phone,9582140827
email,support1842@office.biz
url,https://www.blog810.in
phone,+35 681 4375942
address,"5986 Hilltop Lane, Berlin, Japan"
url,http://www.api472.co
phone,+91-72354-20034
address,"9317 Maple St, Toronto, Canada"
phone,1125870631
phone,2793230600
url,https://www.shop963.net
url,https://www.data511.com
address,"6213 Park Ave, Paris, Canada"
url,https://www.service715.in
address,"9577 Sunset Blvd, Toronto, UK"
url,http://www.api174.com
phone,+94 403 6241330
address,"8717 King Road, Berlin, Germany"
phone,+89 975 7860011
address,"6554 Sunset Blvd, Delhi, India"
address,"1024 Hilltop Lane, Berlin, UK"
email,team8724@info.co
address,"8746 King Road, Toronto, USA"
url,http://www.api168.net
phone,+56 149 9887434
url,https://www.data195.io
phone,+91-71665-57127
email,sales234@mail.net
email,support5521@service.org
phone,(425)-140-3091
phone,+91-80271-47370
url,http://www.portal695.net
url,https://www.service575.com
email,user3810@info.co
email,user121@service.org
phone,7552632966
phone,+77 405 9254896
phone,+98 629 9025653
email,sales2410@office.biz
address,"2700 Sunset Blvd, New York, Germany"
address,"7632 King Road, Delhi, Canada"
phone,+91-73436-90682
address,"4409 Park Ave, Berlin, Japan"
address,"8953 Oak Crescent, Delhi, Germany"
email,contact7975@info.co
email,info5469@company.io
email,contact3932@info.co
address,"2735 Main Street, Toronto, France"
address,"9614 Oak Crescent, Toronto, India"
phone,5198607768
url,http://www.portal656.org
url,http://www.service37.io
phone,+91-86126-78638
email,contact5308@mail.net
address,"2510 Oak Crescent, Delhi, Germany"
address,"4732 Hilltop Lane, Toronto, Canada"
email,support5841@service.org
address,"7103 Maple St, New York, UK"
phone,+91-91054-22457
address,"9702 Hilltop Lane, Delhi, France"
address,"9059 Main Street, Paris, France"
url,http://www.data476.in
phone,+41 433 9816487
address,"7671 Hilltop Lane, Tokyo, UK"
phone,+88 622 3223669
email,team6585@example.com
url,https://www.portal43.org
url,https://www.portal795.com
phone,9967495446
phone,(964)-600-5145
phone,+48 205 4239885
phone,+91-91582-13889
email,team1097@service.org
email,sales8935@example.com
phone,(824)-618-1463
url,https://www.blog550.io
address,"6891 Hilltop Lane, Tokyo, USA"
url,https://www.data657.com
url,https://www.blog875.net
url,http://www.service224.in
address,"9114 Sunset Blvd, Paris, Germany"
url,http://www.api213.org
address,"6035 Maple St, Berlin, Germany"
url,http://www.portal753.net
phone,9939536649
phone,7372811515
url,http://www.service153.co
email,user2639@info.co
url,http://www.api578.net
url,http://www.portal401.com
url,https://www.shop197.net
email,info2167@example.com
url,https://www.data744.co
url,http://www.shop983.co
phone,2498616760
phone,+91-73433-47225
url,http://www.shop876.in
url,https://www.portal773.org
email,support6964@company.io
address,"5965 Sunset Blvd, Tokyo, Germany"
phone,+79 541 5373043
url,https://www.api815.com
phone,+91-71003-12398
address,"4447 Oak Crescent, Bangalore, France"
url,https://www.service204.com
phone,(120)-215-5178
phone,+91-95705-89131
address,"3705 Oak Crescent, Berlin, India"
phone,+91 854 1301522
address,"4064 Maple St, Tokyo, India"
url,http://www.data767.com
email,support1317@mail.net
url,http://www.blog445.in
phone,(490)-470-2966
phone,(524)-575-5917
address,"4462 Park Ave, Bangalore, Germany"
url,https://www.portal800.co
url,https://www.shop404.net
email,user6413@service.org
email,support1214@example.com
phone,(506)-404-4862
address,"8872 Main Street, Toronto, India"
email,support5167@info.co
phone,3429784181
phone,(992)-222-3123
phone,+91-78100-25800
address,"3788 Sunset Blvd, Toronto, Japan"
email,contact4388@example.com
url,http://www.blog336.io
url,https://www.service140.com
email,team4220@office.biz
phone,(606)-236-4975
email,sales5217@company.io
phone,4734660717
phone,+95 589 8175552
email,info101@example.com
phone,(829)-277-9054
email,info9188@service.org
url,http://www.blog195.io
url,https://www.data181.net
phone,4360578371
address,"4809 Park Ave, New York, France"
email,team1675@mail.net
address,"8076 King Road, Berlin, Japan"
phone,(525)-482-1881
email,support8735@company.io
address,"4213 Park Ave, Paris, France"
url,https://www.service759.io
phone,+8 467 5196568
url,http://www.blog561.co
address,"5708 Main Street, Delhi, USA"
url,https://www.api705.com
phone,(211)-260-5446
email,support7919@office.biz
email,contact7386@mail.net
address,"8219 Park Ave, Delhi, Japan"
phone,(735)-234-3262
email,support7902@info.co
address,"7027 Maple St, New York, Canada"
phone,+28 949 5889455
phone,8313531619
url,http://www.shop420.in
address,"588 Hilltop Lane, Bangalore, USA"
email,contact9186@service.org
email,support459@mail.net
address,"7105 Oak Crescent, New York, Germany"
url,https://www.shop218.in
address,"3647 Sunset Blvd, Toronto, USA"
url,http://www.api143.net
phone,+91-84637-43086
address,"8036 Park Ave, Paris, Germany"
address,"7992 Main Street, New York, Germany"
email,contact8523@mail.net
email,user8527@info.co
phone,+91 951 1335861
address,"6061 Park Ave, Paris, Canada"
phone,+91-75630-15773
email,info1864@company.io
email,sales9542@service.org
email,contact5495@service.org
address,"4067 Main Street, New York, Japan"
url,https://www.portal238.in
url,https://www.api687.in
address,"6691 Main Street, Tokyo, Canada"
address,"8747 Oak Crescent, Delhi, Japan"
email,team6019@mail.net
address,"4059 King Road, Berlin, Canada"
email,contact1740@example.com
url,https://www.data894.org
phone,+91-76936-53568
url,https://www.data918.io
address,"881 Sunset Blvd, New York, India"
url,http://www.portal803.org
phone,6430937166
phone,(134)-330-5691
phone,+43 354 1147279
phone,(598)-981-5091
address,"2167 Park Ave, Toronto, India"
url,https://www.blog552.org
address,"2878 King Road, Toronto, Canada"
email,user4972@office.biz
email,sales3292@example.com
phone,+27 350 1834227
phone,+55 431 2266454
email,user3356@mail.net
phone,9941942678
phone,4620846748
url,https://www.api870.net
email,user7288@company.io
address,"7455 Oak Crescent, Bangalore, Canada"
phone,+91-75132-25993
address,"8611 Oak Crescent, Berlin, Germany"
address,"534 Maple St, Delhi, Japan"
phone,5538301766
phone,+91-93186-37445
email,support2179@info.co
phone,+71 583 4821841
phone,+91-86627-88342
email,contact5100@info.co
phone,+91-84354-15034
url,http://www.portal851.co
email,contact1693@service.org
address,"3105 Hilltop Lane, Tokyo, Germany"
url,http://www.shop872.com
address,"7857 Hilltop Lane, Tokyo, USA"
phone,+8 682 2969654
address,"942 King Road, Delhi, India"
email,contact3692@company.io
phone,+77 981 4357255
email,sales2321@office.biz
phone,2272517076
address,"6667 King Road, Toronto, France"
url,http://www.api573.net
email,user7989@company.io
phone,(658)-678-8262
email,sales4259@service.org
url,https://www.blog646.net
email,sales9862@company.io
email,support600@service.org
url,http://www.api307.io
address,"5990 King Road, Paris, Germany"
url,http://www.service19.org
phone,+88 862 2654959
email,sales4085@office.biz
address,"2040 Main Street, Tokyo, UK"
email,sales6567@example.com
url,http://www.api771.co
url,http://www.api361.io
phone,+91-85070-48906
address,"5232 Main Street, Toronto, USA"
email,user1811@company.io
phone,(770)-556-9274
url,http://www.api36.net
phone,8183894300
phone,(786)-480-1474
phone,+54 804 3510325
email,team2229@service.org
address,"9818 Maple St, Delhi, Germany"
url,https://www.blog396.com
email,support4183@service.org
phone,8262301156
phone,(986)-864-4294
url,https://www.data407.net
email,contact1963@office.biz
url,https://www.data932.co
url,https://www.api681.com
phone,(980)-711-6454
url,https://www.api978.in
address,"9268 King Road, Paris, Canada"
phone,(523)-505-8022
email,info8079@info.co
phone,8825548945
url,https://www.service416.com
address,"8841 Hilltop Lane, Paris, Japan"
email,user2538@info.co
email,sales9252@example.com
email,sales6026@info.co
phone,(941)-230-4917
email,team6495@company.io
address,"6065 Main Street, New York, India"
address,"6381 Park Ave, Tokyo, Germany"
address,"5639 Oak Crescent, New York, Germany"
email,info9481@mail.net
phone,+91-75545-93572
phone,+91-70361-56761
phone,3729999010
url,https://www.portal318.io
phone,+91-70208-24410
address,"9049 King Road, New York, Japan"
url,http://www.api87.net
address,"6983 Hilltop Lane, Tokyo, UK"
address,"458 Park Ave, Toronto, France"
url,https://www.data776.io
address,"8142 Maple St, Paris, USA"
url,http://www.service168.in
address,"9985 Sunset Blvd, Berlin, Canada"
email,info95@info.co
email,contact6538@mail.net
email,contact4087@example.com
address,"2224 Maple St, Berlin, Germany"
address,"812 King Road, New York, France"
url,https://www.data224.io
url,http://www.service496.org
url,https://www.blog876.org
email,sales1705@office.biz
address,"332 King Road, Delhi, India"
url,http://www.blog545.co
address,"9749 Main Street, Berlin, Canada"
email,sales9791@service.org
url,http://www.data648.net
address,"9413 Hilltop Lane, Bangalore, India"
email,team4683@example.com
address,"1593 Maple St, Toronto, UK"
phone,+63 929 1416603
phone,+79 252 3087082
phone,(621)-424-5636
url,http://www.data174.net
address,"9073 Sunset Blvd, Paris, Japan"
url,http://www.api656.io
url,https://www.shop339.org
address,"1998 Main Street, Paris, Japan"
url,https://www.blog880.org
email,contact212@company.io
address,"1193 Oak Crescent, Toronto, Canada"
address,"8383 Sunset Blvd, Tokyo, France"
email,sales8725@office.biz
address,"5423 King Road, Delhi, Japan"
email,user2503@office.biz
email,info6071@example.com
url,https://www.portal339.co
phone,+91-99070-77186
email,contact4723@office.biz
phone,+61 293 5219463
email,support9237@info.co
address,"1009 Park Ave, Toronto, USA"
address,"1392 Maple St, Bangalore, Germany"
phone,(780)-776-5849
address,"4454 Oak Crescent, Delhi, Canada"
email,support9840@company.io
phone,+91-78498-45918
address,"6532 King Road, Tokyo, Canada"
email,sales5141@info.co
phone,4090148353
email,team6839@info.co
address,"2333 Maple St, Berlin, France"
phone,+31 326 9145790
email,sales4011@info.co
email,support976@info.co
phone,+91 613 3375554
email,team1731@office.biz
url,http://www.api715.net
email,contact354@info.co
url,https://www.portal57.org
address,"5290 Sunset Blvd, New York, UK"
email,info775@info.co
address,"2019 Maple St, Paris, France"
address,"836 Park Ave, Bangalore, France"
phone,(116)-941-5878
address,"5980 Maple St, Delhi, France"
address,"2745 Hilltop Lane, Bangalore, Germany"
email,info3375@example.com
url,https://www.service754.io
phone,2882125674
email,info1267@company.io
phone,(916)-676-7296
phone,7168860035
url,http://www.shop886.io
url,http://www.portal238.co
phone,+91-73812-29714
address,"4940 Sunset Blvd, Toronto, France"
url,http://www.shop442.co
email,contact4410@service.org
email,support4036@company.io
url,https://www.api871.net
email,sales4040@service.org
email,support5890@info.co
phone,1719394940
url,http://www.api527.in
email,user4992@office.biz
email,contact1640@mail.net
url,https://www.shop210.com
phone,9543212679
phone,(873)-202-3720
url,https://www.service374.co
url,https://www.portal355.com
email,info2078@info.co
url,http://www.data946.co
url,https://www.data169.co
address,"2778 Park Ave, Berlin, UK"
phone,+91-89108-74416
phone,(568)-523-9026
url,http://www.service256.net
url,http://www.service838.co
address,"7938 Sunset Blvd, Toronto, Canada"
phone,3775761247
email,contact3609@company.io
email,user5298@service.org
address,"7296 Main Street, New York, UK"
phone,5917566857
email,team1577@office.biz
address,"1894 Sunset Blvd, Bangalore, Japan"
address,"8036 Main Street, Bangalore, France"
url,http://www.data524.net
phone,7441143929
url,https://www.portal407.net
url,https://www.api71.co
phone,(405)-260-2013
email,sales8478@example.com
address,"1861 King Road, Delhi, Japan"
address,"5746 Maple St, Delhi, India"
phone,+2 722 5170815
address,"1498 Maple St, Berlin, Japan"
url,https://www.service462.io
email,support7149@example.com
phone,+91-74243-77944
url,http://www.portal981.com
address,"5568 Sunset Blvd, Toronto, Japan"
phone,+71 467 3133613
url,https://www.api352.net
url,https://www.api478.in
url,http://www.service918.com
phone,+70 337 2952449
email,info8241@mail.net
email,sales4840@example.com
email,support378@company.io
phone,+45 539 4749231
email,sales1258@company.io
url,http://www.service575.io
address,"2142 Main Street, Tokyo, USA"
url,https://www.service814.org
address,"328 Main Street, Tokyo, Germany"
address,"2107 Hilltop Lane, Bangalore, UK"
address,"4166 Sunset Blvd, Delhi, Japan"
email,team6772@company.io
address,"6625 Sunset Blvd, New York, Canada"
email,user6135@company.io
address,"918 King Road, Bangalore, India"
phone,(723)-902-5269
address,"2951 Sunset Blvd, Paris, India"
phone,9795597280
address,"2108 Main Street, Paris, Canada"
email,info3062@example.com
url,https://www.blog187.in
url,https://www.blog485.org
url,http://www.blog511.io
email,support9887@office.biz
url,https://www.portal274.in
address,"8548 Maple St, Berlin, India"
email,contact2935@office.biz
address,"5488 Sunset Blvd, Tokyo, Germany"
phone,(852)-331-1347
phone,+15 566 6121474
phone,(326)-950-2230
url,https://www.blog9.org
phone,6993772902
phone,+91-81136-34462
email,user6022@company.io
email,contact8344@info.co
address,"908 Park Ave, Berlin, UK"
email,info3287@company.io
address,"913 Park Ave, Bangalore, USA"
address,"6900 Maple St, Delhi, Japan"
email,contact5097@info.co
address,"9844 Maple St, Berlin, USA"
address,"9149 Maple St, Tokyo, Canada"
address,"2413 Park Ave, New York, UK"
phone,(514)-638-5787
phone,2950718727
email,team4329@info.co
url,http://www.data843.com
address,"6282 Sunset Blvd, New York, India"
address,"4902 Sunset Blvd, New York, Canada"
url,https://www.data467.com
phone,+49 299 5196401
address,"3797 Hilltop Lane, Berlin, Germany"
phone,+91-80206-86212
address,"9440 Main Street, Bangalore, USA"
url,https://www.service943.net
phone,+38 152 4404796
address,"5364 Maple St, Tokyo, UK"
address,"192 King Road, New York, Canada"
email,user8014@service.org
url,http://www.service854.in
email,support9516@company.io
phone,+91-76435-62841
url,http://www.data387.io
address,"4404 Maple St, Toronto, Canada"
phone,5175795486
address,"5917 Park Ave, Toronto, France"
email,support4368@office.biz
phone,6455759008
address,"2410 Hilltop Lane, Berlin, USA"
email,info4689@example.com
email,team2079@example.com
email,team2813@example.com
phone,5082918693
phone,(226)-872-8936
address,"7972 King Road, Delhi, Germany"
url,https://www.portal844.org
email,sales3966@service.org
phone,(583)-568-5740
email,contact7322@company.io
address,"2620 Main Street, Delhi, UK"
url,https://www.service548.com
address,"6152 Park Ave, Tokyo, India"
email,contact7838@service.org
url,https://www.blog80.net
phone,+45 928 9398175
phone,(754)-811-7507
address,"7110 King Road, New York, USA"
email,info7168@company.io
address,"7399 King Road, New York, UK"
phone,+9 581 6593956
address,"2492 Sunset Blvd, Berlin, France"
email,sales5998@service.org
address,"5388 Park Ave, Bangalore, Canada"
url,http://www.blog680.in
url,http://www.api822.io
email,support2775@mail.net
phone,+65 218 4128123
phone,6407525661
phone,2799266517
url,http://www.blog464.io
email,contact9319@company.io
phone,+12 692 5413116
phone,(908)-784-4866
email,user9291@service.org
url,https://www.blog531.net
email,info18@service.org
url,https://www.api774.in
address,"6648 Sunset Blvd, Toronto, India"
url,http://www.api333.in
email,info8738@office.biz
phone,+13 449 7247310
url,https://www.blog938.org
phone,+91-78279-33916
phone,(163)-207-6276
phone,+78 253 2369956
url,https://www.api792.io
email,info74@info.co
phone,3416872883
phone,+66 934 5036947
email,user6914@info.co
email,team5935@company.io
phone,(304)-786-7510
phone,+40 120 5125830
address,"8319 Oak Crescent, Tokyo, Germany"
phone,+91-98600-37639
email,contact8826@example.com
phone,(565)-970-6348
url,http://www.blog295.org
phone,3251943454
address,"3381 Maple St, Paris, Germany"
url,http://www.data347.in
email,sales2824@mail.net
email,sales2522@office.biz
url,https://www.data671.co
email,contact3928@example.com
email,info5310@office.biz
url,http://www.blog823.net
phone,(288)-364-1842
phone,(913)-877-7082
email,contact3084@example.com
email,support8337@mail.net
url,http://www.data793.org
address,"4434 King Road, Berlin, France"
url,https://www.portal369.org
email,sales3934@company.io
email,info513@info.co
email,info3880@company.io
phone,+91-93228-28735
address,"8912 Oak Crescent, Toronto, France"
address,"5784 Park Ave, Berlin, India"
email,sales5688@service.org
email,sales5170@example.com
phone,+20 961 2385959
phone,+81 302 9646101
phone,(905)-287-7926
email,sales5151@example.com
email,contact8981@info.co
url,https://www.shop643.io
url,https://www.shop609.co
address,"263 Sunset Blvd, Berlin, USA"
email,info3328@mail.net
url,http://www.shop19.com
email,info8014@company.io
email,sales3502@office.biz
url,http://www.service799.io
url,http://www.blog295.in
phone,+91-82709-58029
url,http://www.api355.co
url,https://www.blog76.io
email,team281@office.biz
address,"141 Hilltop Lane, Tokyo, Japan"
address,"685 Main Street, Tokyo, France"
address,"7236 King Road, Tokyo, India"
url,http://www.blog930.io
email,sales4724@service.org
phone,(955)-522-8202
address,"1636 King Road, Bangalore, India"
phone,+91-94888-25851
address,"2854 Main Street, Delhi, USA"
phone,+97 781 8747578
address,"3290 Main Street, New York, Canada"
address,"4764 Oak Crescent, Delhi, Germany"
email,sales8054@info.co
url,http://www.shop301.net
phone,9969999705
email,support9498@example.com
email,support6565@info.co
url,https://www.portal139.in
url,http://www.api155.net
email,contact8255@example.com
phone,1845097784
address,"7437 Sunset Blvd, Delhi, USA"
phone,1741086770
url,https://www.portal101.net
address,"7124 Sunset Blvd, Berlin, India"
phone,+91-99328-22039
email,contact4159@company.io
url,http://www.portal854.net
email,user8393@mail.net
email,support311@info.co
email,sales6359@company.io
address,"4583 Hilltop Lane, Berlin, France"
url,https://www.shop476.io
url,http://www.data67.org
phone,(982)-784-8664
address,"4404 Park Ave, New York, Canada"
url,http://www.portal579.io
url,http://www.data715.io
email,sales1886@office.biz
phone,+91-79597-41514
url,https://www.api366.io
email,team4220@example.com
phone,+22 264 3779834
url,https://www.blog617.org
email,team9410@office.biz
phone,(353)-619-7667
email,user3514@service.org
email,user9140@office.biz
url,https://www.api193.org
url,http://www.shop960.io
address,"3272 Hilltop Lane, New York, USA"
address,"6768 Sunset Blvd, New York, Japan"
url,http://www.api339.io
phone,+91-86710-34819
phone,+63 694 1337445
url,https://www.portal689.co
phone,(940)-733-7984
email,info9808@example.com
address,"4535 Main Street, Paris, France"
address,"2948 King Road, Toronto, USA"
url,https://www.shop386.co
address,"4310 Park Ave, Tokyo, Japan"
email,user9817@example.com
address,"456 Hilltop Lane, Delhi, UK"
phone,+42 715 6297488
url,https://www.data200.net
address,"137 King Road, Paris, UK"
phone,+91-94895-44601
url,https://www.portal892.io
phone,(494)-868-3482
email,contact593@example.com
email,support2251@info.co
phone,+61 362 2465357
address,"7347 Maple St, Bangalore, Japan"
address,"5524 Main Street, Paris, Japan"
phone,(115)-566-6784
address,"4467 Main Street, Bangalore, France"
address,"7607 King Road, Paris, Japan"
url,https://www.data984.com
url,http://www.blog376.in
phone,+55 519 2623774
url,http://www.api343.co
address,"6958 Maple St, New York, UK"
address,"6851 Maple St, Tokyo, Japan"
address,"9330 Oak Crescent, New York, USA"
email,user4723@service.org
address,"9771 Maple St, Tokyo, Canada"
phone,(775)-888-2398
address,"1127 King Road, New York, Japan"
url,https://www.shop414.com
phone,+40 971 3650561
address,"6649 Oak Crescent, New York, UK"
email,contact3081@office.biz
email,contact8312@office.biz
email,support2456@example.com
url,https://www.shop160.net
phone,6046065435
phone,+33 391 3137975
phone,(401)-539-4731
url,https://www.portal413.org
email,support9008@mail.net
email,contact3782@info.co
email,contact3884@mail.net
url,http://www.blog515.net
email,user2416@company.io
email,sales1098@mail.net
url,http://www.api255.net
email,team4247@company.io
address,"7946 Sunset Blvd, Tokyo, Japan"
email,user5116@service.org
phone,+56 537 3669530
address,"874 Main Street, Tokyo, Canada"
url,http://www.portal842.net
email,info5881@info.co
url,http://www.shop969.org
url,http://www.service600.in
phone,(224)-356-6385
email,support5707@service.org
phone,+44 647 8168256
phone,6119482193
address,"8893 King Road, Tokyo, USA"
email,contact8153@office.biz
email,info8717@info.co
phone,(301)-830-2550
url,http://www.data305.net
url,https://www.shop695.co
address,"4626 Sunset Blvd, Bangalore, UK"
address,"482 Oak Crescent, Paris, UK"
phone,(654)-928-8661
phone,+98 250 7219539
address,"1767 Main Street, Delhi, USA"
url,http://www.data660.com
phone,(829)-606-7078
address,"1114 Main Street, Toronto, Canada"
email,support1541@service.org
email,sales9063@example.com
address,"5024 Main Street, New York, Germany"
address,"1151 Sunset Blvd, Berlin, India"
address,"7569 Oak Crescent, Delhi, Canada"
email,user6390@example.com
email,user9445@office.biz
email,user6410@office.biz
address,"4811 Sunset Blvd, Bangalore, UK"
address,"3695 Hilltop Lane, Tokyo, UK"
address,"1133 Oak Crescent, Toronto, France"
address,"4911 Park Ave, Tokyo, Germany"
url,http://www.shop763.io
email,support28@info.co
address,"3478 King Road, Paris, France"
address,"4999 King Road, New York, Germany"
address,"5821 Maple St, Berlin, USA"
phone,(287)-113-7721
email,support3464@mail.net
email,contact6495@office.biz
address,"504 Sunset Blvd, Paris, Japan"
phone,+91-91284-71744
url,https://www.shop85.io
phone,(731)-851-3766
address,"5477 King Road, Paris, Japan"
phone,+27 414 6377326
address,"9966 King Road, New York, India"
email,sales4394@company.io
email,user329@info.co
email,contact2198@example.com
phone,+91-96564-61532
email,contact8070@mail.net
phone,(442)-154-2873
phone,(351)-350-2265
address,"2129 King Road, Tokyo, France"
url,http://www.api529.com
email,sales7286@service.org
phone,5638873292
address,"3875 Sunset Blvd, New York, Japan"
address,"8313 Main Street, Tokyo, Japan"
url,https://www.blog483.com
address,"4003 Main Street, Toronto, Japan"
address,"8624 Park Ave, New York, Japan"
phone,+91-76675-23492
url,https://www.api201.org
address,"569 Maple St, Bangalore, UK"
email,support2243@example.com
phone,3784861095
url,http://www.service812.com
phone,+94 232 1217214
address,"5052 Oak Crescent, Tokyo, UK"
url,https://www.service573.io
url,https://www.blog672.net
phone,2839882207
phone,5977100798
address,"570 Park Ave, Berlin, France"
address,"4531 Oak Crescent, Tokyo, USA"
phone,6438350587
url,http://www.service897.net
address,"2199 Oak Crescent, Toronto, Canada"
url,http://www.service527.io
phone,(779)-843-3994
phone,(522)-664-9838
url,http://www.portal632.io
url,https://www.portal281.io
url,https://www.portal439.com
url,https://www.blog792.io
email,sales3478@info.co
address,"264 King Road, New York, Canada"
email,contact6264@service.org
url,https://www.blog196.in
email,sales1805@service.org
email,team1024@example.com
address,"8114 Hilltop Lane, Delhi, India"
phone,(217)-269-9187
phone,+31 914 8810879
address,"5296 Maple St, Tokyo, Japan"
phone,+34 945 3033333
url,http://www.blog840.com
address,"122 Maple St, Bangalore, India"
email,user5620@service.org
phone,6543951220
url,https://www.api687.in
url,https://www.api798.net
phone,+91-94333-81906
phone,+91-99414-54251
address,"8559 Main Street, Bangalore, France"
phone,+91-87034-98521
address,"6963 Park Ave, Tokyo, Germany"
url,http://www.portal787.net
email,user8861@example.com
address,"2002 Sunset Blvd, Toronto, UK"
email,team4322@service.org
url,https://www.data327.org
email,info4325@company.io
address,"6161 Park Ave, Bangalore, UK"
email,support2741@mail.net
address,"6644 Main Street, Bangalore, Japan"
address,"8602 Sunset Blvd, Tokyo, Japan"
url,https://www.data254.in
email,contact6013@mail.net
url,https://www.data330.co
phone,(229)-498-3393
address,"2536 Hilltop Lane, Bangalore, UK"
address,"1060 Sunset Blvd, New York, USA"
phone,+80 654 9941611
email,team146@company.io
phone,+91-72615-81170
email,contact2671@example.com
address,"8528 Main Street, Delhi, Germany"
phone,2867756758
url,https://www.blog527.co
url,http://www.shop608.io
phone,7202130309
phone,+50 612 3806816
url,https://www.api581.com
phone,+93 948 5072163
email,info129@example.com
url,http://www.service950.in
email,info5832@company.io
address,"3175 Maple St, Delhi, Canada"
address,"5647 King Road, Delhi, Canada"
phone,(129)-535-3638
url,https://www.data662.org
address,"6349 Sunset Blvd, Berlin, France"
phone,+91-75163-81349
phone,+91-77082-38114
address,"963 Hilltop Lane, Bangalore, Japan"
phone,+81 958 2446623
phone,+57 257 4924441
phone,+91-79756-39125
address,"6494 Main Street, Toronto, Japan"
url,http://www.blog638.io
phone,(737)-496-4127
phone,+45 267 7338729
address,"6310 Oak Crescent, Bangalore, France"
url,https://www.api485.com
email,contact2971@service.org
phone,+50 477 8666615
email,sales2690@office.biz
address,"1657 Park Ave, Paris, USA"
address,"9303 Oak Crescent, Paris, India"
address,"3213 Maple St, Delhi, Germany"
address,"9333 Park Ave, Bangalore, Japan"
phone,+91-93862-53600
address,"7723 Sunset Blvd, Paris, France"
url,https://www.api602.com
email,sales1234@company.io
phone,7665811111
phone,5008768500
address,"2077 King Road, Berlin, India"
email,info1927@mail.net
address,"2978 King Road, Toronto, Germany"
url,http://www.blog162.com
email,contact1793@office.biz
email,info6400@company.io
url,http://www.data805.io
address,"6670 Main Street, Paris, Germany"
address,"4516 Hilltop Lane, Bangalore, India"
phone,+91-71389-15048
email,support9698@mail.net
address,"9507 King Road, Bangalore, UK"
address,"1725 Hilltop Lane, Delhi, Japan"
email,info978@info.co
email,info5574@service.org
phone,(965)-210-2453
email,contact9730@company.io
address,"3710 Main Street, New York, UK"
url,http://www.service756.in
phone,+91-85954-39721
address,"9663 Hilltop Lane, Toronto, France"
url,https://www.service96.org
address,"1484 Main Street, Tokyo, Germany"
email,team7814@office.biz
url,https://www.portal264.org
phone,(999)-596-7445
address,"7153 Main Street, Paris, UK"
url,https://www.data141.com
phone,(174)-984-9424
address,"7735 Oak Crescent, Delhi, Canada"
address,"5584 Sunset Blvd, Toronto, UK"
phone,+91-89349-83501
email,sales5183@mail.net
email,contact4424@company.io
address,"9572 Oak Crescent, New York, Germany"
url,http://www.data946.io
email,sales216@service.org
phone,7048917217
address,"6792 Sunset Blvd, Tokyo, USA"
phone,+91-97868-82651
url,http://www.shop89.net
email,team6984@service.org
url,https://www.shop122.net
url,https://www.service212.in
address,"7652 Oak Crescent, Bangalore, Germany"
url,http://www.data557.org
address,"8781 Maple St, New York, Canada"
url,https://www.data370.com
email,support7178@example.com
address,"7191 Oak Crescent, Berlin, India"
address,"2155 Sunset Blvd, Paris, Canada"
email,team897@mail.net
phone,+91-84602-94691
url,https://www.data718.net
address,"9958 Oak Crescent, Paris, Japan"
email,user6304@mail.net
phone,+91-70773-73382
email,contact448@mail.net
phone,7137314887
address,"6176 Oak Crescent, New York, Germany"
email,sales1754@info.co
phone,+91-96084-21847
address,"1844 King Road, Paris, Japan"
url,http://www.service834.co
phone,+73 483 8742995
phone,+91-73481-60176
email,user8789@mail.net
address,"7367 Main Street, Paris, Canada"
phone,+91-92666-29856
url,http://www.api194.in
address,"6633 Main Street, Tokyo, USA"
address,"1100 King Road, Tokyo, France"
email,contact1102@info.co
url,https://www.api847.co
address,"3539 Park Ave, Bangalore, Germany"
email,info1157@company.io
address,"2555 King Road, Berlin, Japan"
url,http://www.blog997.org
phone,(343)-585-7410
url,http://www.blog740.co
url,http://www.portal281.com
url,https://www.data233.com
url,https://www.shop857.com
phone,+91-98355-32100
url,https://www.service886.co
url,https://www.portal752.io
url,https://www.service483.in
url,http://www.shop37.io
address,"2206 Hilltop Lane, New York, Canada"
url,https://www.service200.com
address,"7642 Sunset Blvd, Tokyo, Germany"
email,user6152@info.co
phone,(262)-212-9062
email,sales8542@company.io
url,https://www.shop602.co
url,https://www.blog373.io
url,http://www.data866.io
phone,1121544003
email,team5058@company.io
address,"9869 King Road, Berlin, Germany"
phone,+1 238 1356401
address,"508 Hilltop Lane, Paris, India"
email,support4352@info.co
address,"2097 Hilltop Lane, Paris, Canada"
url,https://www.blog513.com
phone,7239265965
phone,+91-76161-55074
url,https://www.service957.in
url,https://www.service225.co
address,"226 Oak Crescent, Bangalore, UK"
url,http://www.portal718.org
phone,+62 701 6889824
phone,1593005136
address,"687 Oak Crescent, Berlin, Germany"
email,support241@service.org
address,"5021 Park Ave, Berlin, USA"
email,sales138@office.biz
address,"2255 Hilltop Lane, Toronto, Germany"
address,"9896 Hilltop Lane, Paris, UK"
url,https://www.api250.in
address,"5749 Main Street, Delhi, USA"
phone,3446410595
url,https://www.portal913.in
email,user2457@office.biz
phone,+86 877 4501851
phone,+91-74987-10443
address,"998 Maple St, Berlin, Canada"
url,https://www.api716.com
address,"5624 Park Ave, Delhi, Japan"
url,http://www.api583.io
phone,2403715572
address,"258 Sunset Blvd, Bangalore, Canada"
url,https://www.shop930.com
url,http://www.service926.in
phone,+91-86669-33931
url,http://www.api583.net
phone,+42 483 7490034
address,"1336 Sunset Blvd, New York, France"
phone,1764662265
phone,+91-75438-96142
url,https://www.api987.co
phone,+53 761 5481499
email,contact6897@office.biz
email,user5073@company.io
address,"188 Main Street, New York, UK"
address,"4253 Main Street, Paris, USA"
email,user6746@mail.net
phone,+91-98823-66302
email,sales1448@office.biz
url,https://www.blog886.org
address,"8762 Oak Crescent, New York, USA"
url,http://www.api903.io
url,http://www.blog14.net
phone,+91-75965-46259
address,"5488 Main Street, Paris, USA"
url,https://www.data155.co
url,http://www.blog441.co
email,sales3863@info.co
email,team8316@example.com
email,contact7056@example.com
phone,+84 598 4894131
address,"1425 Main Street, Bangalore, USA"
url,https://www.blog928.in
address,"2866 Sunset Blvd, Tokyo, Canada"
phone,+91-81197-87652
url,http://www.data597.com
url,https://www.data731.in
address,"1128 Hilltop Lane, Paris, Germany"
url,https://www.api241.org
url,https://www.service176.org
url,https://www.portal832.org
phone,+63 821 5877708
email,sales3253@company.io
url,https://www.service460.net
email,user1431@office.biz
phone,+65 881 7026068
phone,+91-82099-18579
email,sales4637@office.biz
address,"9796 Sunset Blvd, Delhi, Canada"
phone,5408875783
phone,+11 226 3400675
phone,(831)-735-4961
phone,8970917660
address,"851 Hilltop Lane, Delhi, France"
phone,(452)-605-6499
email,contact8276@info.co
email,info7440@service.org
address,"9156 Main Street, Tokyo, France"
email,contact9868@info.co
phone,5170069264
phone,+91-92838-70149
url,https://www.blog980.io
email,contact9069@office.biz
email,user837@example.com
url,http://www.blog21.net
phone,7967161095
url,https://www.data362.in
url,https://www.portal23.in
address,"7878 King Road, Berlin, Germany"
url,https://www.portal975.co
address,"1076 King Road, Berlin, USA"
url,http://www.data984.in
email,user5949@mail.net
email,contact1864@mail.net
url,http://www.data186.org
phone,8020012843
url,https://www.shop621.com
address,"9193 Park Ave, Delhi, India"
phone,4433584984
email,user1744@company.io
address,"1221 Maple St, Tokyo, Canada"
email,info9909@office.biz
url,http://www.api194.io
phone,+91-87559-32571
address,"3880 Oak Crescent, Bangalore, Japan"
url,https://www.api969.co
address,"7503 Maple St, Tokyo, France"
email,user950@company.io
phone,+91-82568-31349
email,contact43@mail.net
phone,(336)-802-6297
phone,+91-83916-74234
url,https://www.api939.in
phone,+91-95780-12146
phone,+91-90567-43724
phone,+91-80255-61685
phone,8451339750
address,"562 Main Street, Delhi, UK"
phone,+91-79969-26093
url,https://www.data140.co
email,sales6985@info.co
url,https://www.blog412.io
address,"394 Hilltop Lane, Bangalore, France"
url,http://www.blog249.in
address,"8900 Sunset Blvd, Bangalore, Japan"
address,"159 Maple St, New York, France"
email,sales7033@company.io
url,http://www.data963.org
address,"8233 Park Ave, Toronto, UK"
url,http://www.blog269.co
address,"1272 Park Ave, Delhi, India"
email,contact1904@office.biz
address,"2504 Sunset Blvd, New York, France"
phone,+91-75336-40113
address,"1262 Park Ave, Tokyo, Canada"
address,"9700 Park Ave, Delhi, Canada"
phone,(702)-755-8404
url,https://www.shop31.io
url,https://www.portal233.net
phone,+68 927 8866440
address,"9279 King Road, Tokyo, Germany"
phone,(555)-742-8691
address,"2455 King Road, New York, India"
phone,3121089302
url,http://www.service287.in
url,https://www.data819.io
address,"2605 Hilltop Lane, New York, Japan"
url,http://www.blog131.org
address,"3978 Maple St, Berlin, Germany"
url,http://www.shop68.org
email,team9105@info.co
url,http://www.shop20.co
email,team2725@service.org
phone,1559970019
url,https://www.data290.in
email,contact3238@mail.net
address,"9979 Hilltop Lane, Bangalore, Japan"
url,http://www.data951.io
phone,+12 609 1954626
url,https://www.shop696.net
phone,(850)-522-5960
email,support1661@office.biz
phone,8350822487
email,info2434@office.biz
email,info3045@service.org
phone,+91-77412-52490
address,"7851 Hilltop Lane, Toronto, Canada"
address,"7591 King Road, New York, Germany"
phone,+33 870 7550330
phone,(401)-243-1772
phone,1549370872
phone,+76 765 4863378
email,sales4653@info.co
phone,(272)-822-7439
address,"8375 Sunset Blvd, Toronto, India"
url,http://www.blog1.io
url,https://www.data926.in
url,https://www.blog386.org
url,https://www.shop497.in
address,"9108 Main Street, Berlin, USA"
email,team7852@info.co
email,info7684@company.io
url,http://www.api873.in
url,https://www.data46.io
url,https://www.service574.net
address,"2466 Maple St, Delhi, France"
email,contact692@office.biz
address,"9633 Oak Crescent, Bangalore, Canada"
url,https://www.service74.net
address,"8943 King Road, Tokyo, Canada"
address,"6284 King Road, Toronto, Canada"
email,team7610@service.org
phone,8734251878
phone,+91-85955-48489
phone,+63 210 7767702
phone,+82 834 8770958
address,"2914 King Road, Paris, France"
email,team5335@office.biz
address,"8955 Hilltop Lane, Bangalore, Japan"
phone,(814)-978-1694
url,http://www.shop485.org
email,support639@mail.net
url,https://www.blog667.org
url,https://www.shop62.co
phone,5621118093
url,http://www.api262.in
email,team2186@info.co
address,"7394 Park Ave, Bangalore, USA"
url,https://www.api606.com
phone,6812905130
url,http://www.data424.net
url,https://www.blog568.org
email,contact9773@info.co
url,https://www.service897.org
email,info9634@office.biz
email,info2195@service.org
email,info730@company.io
address,"3700 Main Street, Bangalore, France"
email,contact5443@info.co
email,support7076@company.io
address,"8672 Hilltop Lane, Paris, France"
address,"7842 King Road, Delhi, India"
phone,(754)-653-3444
url,https://www.shop648.io
address,"9583 Park Ave, Berlin, USA"
phone,8643216450
address,"3973 Oak Crescent, Tokyo, India"
url,http://www.api51.io
address,"9844 Maple St, Delhi, UK"
url,https://www.api737.com
phone,(443)-812-1493
email,info9479@office.biz
email,team8806@office.biz
email,support2707@info.co
phone,+91-98574-12447
email,support9770@company.io
email,user6936@example.com
address,"3027 King Road, Toronto, Canada"
address,"9486 Main Street, Berlin, Japan"
email,info1045@info.co
email,info3210@company.io
email,support3507@info.co
url,https://www.data21.com
address,"9989 Sunset Blvd, Tokyo, Germany"
address,"4011 King Road, Delhi, Canada"
url,https://www.api693.com
url,http://www.data208.net
email,team6715@info.co
address,"5566 Hilltop Lane, Bangalore, India"
address,"6257 Park Ave, Tokyo, Japan"
email,user6358@mail.net
email,team9384@service.org
phone,(317)-885-1578
url,http://www.shop574.com
address,"8177 Oak Crescent, New York, France"
url,http://www.data667.org
phone,3539462178
email,team3061@example.com
url,https://www.blog60.co
address,"4917 Main Street, Berlin, UK"
address,"6763 Hilltop Lane, Tokyo, India"
url,http://www.data634.org
url,https://www.data287.com
email,support7370@mail.net
phone,9704719751
phone,(770)-121-5658
phone,(529)-586-5718
url,http://www.blog686.in
url,https://www.service7.com
phone,+41 922 1926021
url,http://www.portal501.co
address,"794 Park Ave, Berlin, France"
email,info2543@info.co
url,https://www.blog111.in
email,user9643@company.io
email,user1443@office.biz
url,http://www.shop17.co
email,support74@office.biz
url,http://www.shop53.co
phone,(665)-980-6263
phone,6542942490
url,http://www.service950.net
address,"7324 Sunset Blvd, Delhi, Japan"
phone,+36 808 8708971
phone,+81 365 8040385
email,team7035@info.co
address,"5486 Oak Crescent, Paris, UK"
email,support3554@info.co
email,user3931@company.io
phone,+62 562 9058840
url,https://www.data841.io
phone,+38 970 8568974
phone,(794)-617-3260
address,"8414 King Road, Berlin, Germany"
email,support3018@example.com
url,http://www.data697.net
url,http://www.api935.org
address,"7267 Main Street, Bangalore, Germany"
address,"3446 Oak Crescent, Bangalore, India"
phone,+91-77142-15743
email,team1460@office.biz
phone,(966)-151-2387
phone,+21 557 3101098
url,http://www.blog324.co
address,"9892 Oak Crescent, Delhi, USA"
phone,+77 972 3688248
address,"1149 Park Ave, New York, Canada"
address,"7404 Main Street, New York, UK"
url,https://www.api275.org
address,"878 Oak Crescent, Tokyo, India"
url,http://www.shop284.io
url,http://www.portal428.com
url,https://www.data545.com
phone,5968029989
url,http://www.shop51.net
url,http://www.service493.io
phone,+76 828 5920073
phone,(433)-660-9550
address,"312 Main Street, Berlin, Japan"
phone,+51 557 5147283
address,"5238 Hilltop Lane, Bangalore, UK"
email,contact5876@info.co
url,http://www.blog618.in
phone,+85 457 6118721
email,user7546@info.co
email,support453@mail.net
address,"2506 King Road, Toronto, USA"
url,http://www.data669.io
address,"6735 Maple St, Tokyo, Canada"
email,team546@office.biz
address,"5426 King Road, Bangalore, Germany"
address,"1862 Park Ave, Delhi, USA"
address,"873 Hilltop Lane, Toronto, France"
address,"6436 Main Street, Delhi, UK"
email,user5081@service.org
address,"4044 Oak Crescent, Delhi, USA"
url,http://www.portal258.in
phone,+91-77799-45278
url,http://www.api531.in
email,support8197@office.biz
phone,4670629138
address,"2351 Sunset Blvd, Toronto, Japan"
url,https://www.service136.co
address,"9548 Maple St, Tokyo, Germany"
url,http://www.portal713.co
phone,(267)-284-4896
address,"8229 Park Ave, Delhi, Japan"
url,http://www.api743.org
address,"2790 Park Ave, New York, UK"
phone,+91-98606-57864
phone,+91-70932-34464
phone,+91-83399-56861
email,team197@mail.net
email,sales8323@company.io
url,http://www.data461.io
address,"3959 Maple St, Delhi, Germany"
url,http://www.blog158.in
address,"5872 Main Street, Tokyo, India"
email,contact3502@mail.net
email,user3254@info.co
address,"1560 King Road, New York, France"
url,https://www.data797.com
email,user2516@mail.net
address,"4795 King Road, Toronto, Japan"
phone,+91-79548-55438
url,https://www.api737.org
address,"8630 Main Street, Bangalore, USA"
url,https://www.data730.net
address,"2391 Maple St, Tokyo, UK"
email,sales2064@example.com
url,http://www.service215.in
email,info2660@mail.net
email,team5995@office.biz
address,"2797 King Road, Toronto, France"
url,https://www.api512.in
phone,+91-74557-13288
email,support22@company.io
email,info8662@service.org
address,"1882 Main Street, Toronto, USA"
email,info2754@mail.net
email,team3934@info.co
phone,(510)-412-4565
email,info2568@example.com
phone,2660509885
phone,3407742635
address,"9249 Oak Crescent, Berlin, Canada"
address,"5125 Hilltop Lane, Berlin, UK"
email,sales3007@info.co
url,http://www.api802.in
address,"5084 Sunset Blvd, Toronto, Canada"
email,contact1666@service.org
address,"651 Hilltop Lane, New York, Germany"
email,support7860@company.io
phone,+91-82412-21836
url,https://www.portal843.net
email,sales158@mail.net
address,"216 Main Street, Berlin, India"
url,http://www.data524.net
phone,+91-95254-78883
email,user6126@office.biz
email,contact8032@company.io
url,https://www.portal282.com
address,"7331 King Road, New York, India"
phone,(894)-415-7602
url,https://www.api410.com
address,"3416 Oak Crescent, Berlin, India"
email,sales9262@company.io
url,https://www.api372.org
address,"7849 Main Street, Bangalore, Japan"
phone,(717)-983-3593
email,sales1187@mail.net
phone,+40 300 6615134
address,"3298 Sunset Blvd, Delhi, USA"
email,contact4030@example.com
address,"665 Main Street, Delhi, Canada"
email,user7489@office.biz
email,info9289@company.io
url,http://www.api663.co
address,"7238 Oak Crescent, Paris, Japan"
email,contact2094@office.biz
email,support2357@example.com
email,team1423@example.com
url,http://www.service893.com
url,https://www.blog906.io
address,"8950 Hilltop Lane, Paris, UK"
url,https://www.portal851.net
address,"7831 Hilltop Lane, Bangalore, USA"
email,sales1151@service.org
address,"576 Oak Crescent, Paris, Canada"
address,"6264 Main Street, Bangalore, France"
email,support8656@info.co
address,"8484 Hilltop Lane, Delhi, UK"
address,"4718 Park Ave, Toronto, Japan"
address,"6557 Hilltop Lane, Berlin, UK"
url,https://www.shop798.co
url,https://www.service671.in
url,http://www.api951.com
address,"597 Sunset Blvd, New York, UK"
url,http://www.blog46.org
address,"9179 Sunset Blvd, Toronto, UK"
email,sales3956@company.io
phone,+91-93118-11520
address,"5620 Park Ave, Paris, USA"
url,http://www.portal760.net
address,"7799 Hilltop Lane, Toronto, France"
url,http://www.api280.org
phone,2191376672
address,"6703 Oak Crescent, Toronto, France"
url,https://www.api341.org
email,support5008@example.com
phone,1044789939
url,https://www.api5.org
address,"1491 Hilltop Lane, Tokyo, Canada"
url,http://www.data281.in
email,user5775@office.biz
phone,(389)-974-8734
url,https://www.data691.com
phone,6544743102
phone,+91-94845-75207
url,http://www.blog224.org
phone,+71 994 4169824
phone,(439)-459-8530
email,user1917@service.org
address,"9433 Hilltop Lane, Tokyo, France"
phone,2010031130
url,http://www.shop737.net
phone,+91-88630-79747
phone,+91-86437-34362
phone,(802)-221-3339
phone,3857927253
phone,+13 652 3397163
url,https://www.shop886.co
url,https://www.data419.co
phone,+80 746 5479492
address,"5511 Sunset Blvd, Paris, Germany"
phone,7963720031
email,user4273@info.co
url,http://www.api512.io
address,"7805 Hilltop Lane, Toronto, UK"
url,https://www.api175.net
email,sales8094@company.io
email,support8158@mail.net
email,contact417@office.biz
url,http://www.blog17.in
url,http://www.data139.com
phone,(343)-722-2156
address,"7354 Hilltop Lane, Tokyo, Germany"
phone,3509960596
address,"6838 Main Street, New York, India"
phone,+91-79320-17597
phone,+91-82426-18236
url,http://www.data909.net
address,"3803 Oak Crescent, New York, USA"
url,http://www.service286.com
phone,+94 899 3636512
email,support6472@example.com
address,"8940 Hilltop Lane, Paris, USA"
address,"4309 Park Ave, Tokyo, France"
email,info689@service.org
email,user8301@service.org
address,"4779 Hilltop Lane, New York, France"
email,sales3373@service.org
address,"9091 King Road, Delhi, Germany"
url,http://www.api520.in
url,http://www.portal217.io
email,team9381@example.com
url,http://www.api296.io
email,team9216@office.biz
url,https://www.api868.org
email,sales8282@info.co
phone,+91-95450-93033
phone,+13 598 9978963
email,team1502@service.org
url,https://www.service175.in
url,https://www.blog590.org
url,https://www.data228.io
phone,(795)-567-8079
email,contact4183@service.org
email,user7110@info.co
email,team2887@service.org
address,"8171 Hilltop Lane, Delhi, USA"
address,"3072 Maple St, Tokyo, France"
url,https://www.api496.in
address,"394 King Road, Delhi, USA"
phone,2428310581
phone,+91-71991-86993
url,https://www.data728.in
address,"9481 Hilltop Lane, Tokyo, France"
address,"2627 Oak Crescent, Paris, UK"
url,http://www.api56.co
url,http://www.shop945.org
phone,+91-80644-18159
phone,(840)-150-4508
phone,+18 914 4948211
url,https://www.blog19.net
url,http://www.shop383.net
phone,(852)-899-3482
address,"7344 Sunset Blvd, New York, India"
phone,+42 318 4215839
email,support8107@mail.net
url,http://www.shop675.co
url,https://www.blog514.in
url,http://www.shop133.in
address,"2129 Main Street, Berlin, Germany"
url,https://www.blog769.org
email,contact4600@office.biz
email,support3898@example.com
email,team664@service.org
email,team457@service.org
phone,(970)-289-5996
email,team4509@company.io
address,"7652 Maple St, New York, Japan"
address,"9507 Sunset Blvd, Tokyo, UK"
url,http://www.blog651.io
email,team5199@company.io
email,team9705@info.co
address,"3608 Park Ave, New York, India"
url,https://www.shop710.com
email,team2890@info.co
phone,"5021 Park Ave, Berlin, USA"
phone,"5551 Hilltop Lane, Berlin, Germany"
email,"2866 Sunset Blvd, Tokyo, Canada"
url,"7455 Oak Crescent, Bangalore, Canada"
url,+91-98355-32100
address,+77 678 1359418
email,+42 483 7490034
address,(211)-260-5446
url,user8789@mail.net
phone,sales6885@mail.net
url,sales1448@office.biz
url,info9188@service.org
email,http://www.data597.com
address,https://www.service904.com
email,https://www.shop621.com
phone,http://www.api143.net